"Seashore Vacations Inc. (Hilton Head Island, SC) - Resort Reviews ...","https://res.cloudinary.com/resortsandlodges/image/fetch/w_800,h_520,c_fill/https://media.travelnetsolutions.com/6712ae47bb323e3cb7696ce7b0adb69f/original.jpg",Pending
"Hilton Head Island Labor Day 2025 | Seashore Vacations, Inc",https://www.seashorevacations.com/sites/default/files/uploads/hilton_head_beach_umbrellas.jpg,Pending
"Edisto Island Day Trip: A Guide from Hilton Head, SC | Seashore ...",https://www.seashorevacations.com/sites/default/files/uploads/6054480573.jpg,Pending
Hilton Head Island | An Inside Look: Seashore Vacation Rentals,http://www.hiltonheadisland.com/wp-content/uploads/2015/01/OO-view.jpg,Pending
"Ocean Oak Resort by Hilton Grand Vacations - Hilton Head Island, SC",https://fastly.4sqi.net/img/general/600x600/2109669_B9WQ2f5cVnckTe-Th7O8iIYbDZ7VrlECrIC7Hx_i0Ws.jpg,Pending
"Harbour Town Golf Links | Seashore Vacations, Inc",https://www.seashorevacations.com/sites/default/files/uploads/harbour_town_golf_links.jpg,Pending
Hilton Head Resort with Indoor and Outdoor Pool | Marriott's Grande Ocean,https://cache.marriott.com/marriottassets/marriott/HHHVI/hhhvi-pool-8299-hor-feat.jpg,Pending
Destination Vacation Hilton Head Island | Hilton Head Vacation Rentals,https://www.destinationvacationhhi.com/sites/default/files/styles/homepage_slideshow_big/public/slides/32ebl-pool3-slideshow.jpg,Pending
"Choosing an accommodation on Hilton Head - Hilton Head, SC | HiltonHead.com",http://www.hiltonhead.com/wp-content/uploads/condos-crop.jpg,Pending
Welcome to Hilton Head Island | Hiltonheadisland.com,https://www.hiltonheadisland.com/wp-content/uploads/2019/11/hiltonhead17-680x680.jpg,Pending
Seashore Trolley Museum | Maine History | Visit Portland,https://www.visitportland.com/wp-content/uploads/gravity_forms/7-af940a53c525cac48bda8aa74f1daebd/2020/07/312-scaled-e1603220213744.jpg,Pending
World's First and Largest Electric Railway Museum,https://trolleymuseum.org/wp-content/uploads/sites/7/2022/08/IMG_2936-1-1600x530.jpeg,Pending
Purchase Seashore Trolley Museum Admission and Event Tickets,https://trolleymuseum.org/wp-content/uploads/sites/7/2021/02/Trolley-Landscape.jpg,Pending
2025 Guide To Visiting The Seashore Trolley Museum,https://www.visitmaine.net/wp-content/uploads/2023/06/Seashore-Trolley-Museum-Kennebunkport-mousamview.jpg,Pending
Nagasaki Electric Tramway Co. 134 - Seashore Trolley Museum,https://trolleymuseum.org/wp-content/uploads/sites/7/2020/04/STM-Nagasaki-134-1024x582.jpg,Pending
Seashore Trolley Museum in Kennebunkport opens for 2024 season,https://wgme.com/resources/media2/16x9/full/1015/center/80/0147fd65-ebeb-488d-ab45-3505f54c1051-large16x9_VSEASHORETROLLEY_frame_945.jpeg,Pending
Seashore Trolley Museum (musée du tramway) location de vacances ...,https://a.travel-assets.com/findyours-php/viewfinder/images/res70/266000/266308-Seashore-Trolley-Museum.jpg,Pending
Kennebunkport seashore trolley museum hi-res stock photography and ...,https://c8.alamy.com/comp/D1AF9A/seashore-trolley-museum-in-kennebunkport-maine-D1AF9A.jpg,Pending
Kennebunk Maine - Seashore Trolley Museum | Robert Gillis New England ...,https://www.gillisphotos.com/wp-content/gallery/maine-seashore-trolley-museum/thumbs/thumbs_19-Seashore-Trolley-Museum-Boston-Elevated-5821.jpg,Pending
Seashore Trolley Museum Named 2022 Blue Star Museum - Seashore Trolley ...,https://trolleymuseum.org/wp-content/uploads/sites/7/2022/06/IMG_2898-1024x768.jpeg,Pending
Seashore Trolley Museum re-opens in Phase 1,https://sacobaynews.com/5-20-2020-12-03-28-PM-3037469.jpg,Pending
Connecticut Company 303 - Seashore Trolley Museum,https://collections.trolleymuseum.org/storage/images/708-HBkb132udKj7ATw2sohKm1Ug5DSw4SxgorHEKJlDxrn20R4DUWKwEkntJaex.jpg,Pending
"Seashore Trolley Museum Receives Second Major Gift, Will Build New ...",https://trolleymuseum.org/wp-content/uploads/sites/7/2022/03/South-Boston-exterior.jpeg,Pending
Kennebunkport sea watershore trolley museum hi-res stock photography ...,https://c8.alamy.com/comp/A0J6ED/mainemenew-englanddown-eastkennebunkport-seashore-trolley-museumhistoryexhibit-A0J6ED.jpg,Pending
Blackpool Corporation Transport 144 - Seashore Trolley Museum,https://trolleymuseum.org/wp-content/uploads/sites/7/2023/01/144-at-Seashore-unkown-date-Norm-Down-photo.jpg,Pending
entrance sign to the Seashore Trolley Museum in Kennebunkport Maine USA ...,https://www.alamy.com/aggregator-api/download?url=https://c8.alamy.com/comp/2M7TAYX/entrance-sign-to-the-seashore-trolley-museum-in-kennebunkport-maine-usa-2M7TAYX.jpg,Pending
St. Louis PCC 1726 - Seashore Trolley Museum,https://trolleymuseum.org/wp-content/uploads/sites/7/2021/03/f46f3533-2128-4b2a-b8ef-540d3f1e27b5-1024x781.jpg,Pending
Kennebunkport Seashore Trolley Museum High Resolution Stock Photography ...,https://c8.alamy.com/comp/AFBP32/maine-me-new-england-down-east-kennebunkport-seashore-trolley-museum-AFBP32.jpg,Pending
"Connecticut Company | Seashore Trolley Museum | Kennebunkport, Maine ...",https://nrhs.com/site/wp-content/uploads/2023/01/NRHS-Seashore-Tr-Mu-Kennebunkport-Ct-Co-open-1391-Oct-4-1970-Jack-Derosett-scaled.jpg,Pending
SEASHORE TROLLEY MUSEUM - 198 Photos & 44 Reviews - 195 Log Cabin Rd ...,https://s3-media0.fl.yelpcdn.com/bphoto/UoT3ODMoV57A-5teqXXL8Q/o.jpg,Pending
Seashore Turns 86! - Seashore Trolley Museum,https://trolleymuseum.org/wp-content/uploads/sites/7/2024/04/CT-303-and-1160-Talbott-Park-1536x1152.jpeg,Pending
Seashore Trolley museum in Kennebunkport Maine Stock Photo - Alamy,https://c8.alamy.com/comp/D1AF85/seashore-trolley-museum-in-kennebunkport-maine-D1AF85.jpg,Pending
Seashore Trolley Museum Boston Day: A Journey Through History | Paraiso ...,https://c8.alamy.com/comp/D1AFA2/seashore-trolley-museum-in-kennebunkport-maine-D1AFA2.jpg,Pending
Seashore Trolley Museum offering trolley rides for Christmas Prelude,https://wgme.com/resources/media2/16x9/full/1015/center/80/eff7b02d-6649-4e25-94d3-bf9cee12d7ef-large16x9_trolley1.JPEG,Pending
Seashore Trolley Museum | trolley streetcar museum kennebunk… | Flickr,https://live.staticflickr.com/21/28097299_1ddd33d18b_b.jpg,Pending
Seashore Trolley Museum Kennebunkport/Maine. Dallas Railway & Terminal ...,https://www.bahnbilder.de/1200/seashore-trolley-museum-kennebunkportmaine-fuer-1056847.jpg,Pending
"Seashore Trolley Museum Collection | Cleveland ""Center Entra… | Flickr",https://live.staticflickr.com/65535/50031648912_a747b8846a_b.jpg,Pending
Seashore Trolley Museum - railroadphotographer,https://photos.smugmug.com/Railroads/A-Railroad-Portfolio/Heritage-Railroading/Museums-and-Tourist-Railroads/Seashore-Trolley-Museum/i-rrrJfR4/5/25041b44/XL/2015-11-07-0040-XL.jpg,Pending
Seashore Trolley Museum 0007 Photograph by Jeff Stallard - Fine Art America,https://images.fineartamerica.com/images-medium-large-5/seashore-trolley-museum-0007-jeff-stallard.jpg,Pending
Boston Elevated Ry. 5734 - Seashore Trolley Museum,https://collections.trolleymuseum.org/storage/images/745-xWbUJhwuTi67sFeZFXRwywulyBBS0GcRLqiPFB88OxYjB48pHW428xnp0dQn.jpg,Pending
All aboard: Maine train rides & train museums - Maine Travel Maven,https://www.mainetravelmaven.com/wp-content/uploads/2021/05/IMG_2647.jpg,Pending
Seashore Trolley Museum | Flickr,https://live.staticflickr.com/65535/49232720281_9ce4f51c7f_b.jpg,Pending
Third Avenue Railway System 631 at the Seashore Trolley Museum: The ...,http://imagestorage.nerail.org/photos/2009/07/16/2009071613573615526.jpg,Pending
Los Angeles Railway 521 - Seashore Trolley Museum,https://collections.trolleymuseum.org/storage/images/683-kJQgX6CtsUO7BfqrKmSxEzDWKzdCJlk7aTTiseEosufmlKe0xkd0U0KGaMct.jpg,Pending
Coney Island - Seashore Trolley Museum,https://trolleymuseum.org/wp-content/uploads/sites/7/2021/03/1-1024x550.png,Pending
Seashore Trolley Museum #31 | Biddeford & Saco RR 31 (Brill … | Flickr,https://live.staticflickr.com/8129/29698001204_6487bcae12_b.jpg,Pending
Seashore Trolley Museum #2 | Montreal Tramways Sightseeing C… | Flickr,https://live.staticflickr.com/7809/32991873698_09d0321310_b.jpg,Pending
Seashore Trolley Museum (Kennebunkport) - 2020 All You Need to Know ...,https://i.pinimg.com/originals/2e/18/8a/2e188a22cd47e202148ffb49af3d448f.png,Pending
Seashore Trolley Museum 0005 Photograph by Jeff Stallard,https://images.fineartamerica.com/images-medium-large-5/seashore-trolley-museum-0005-jeff-stallard.jpg,Pending
Seashore Trolley Museum 0009 Photograph by Jeff Stallard - Pixels,https://images.fineartamerica.com/images-medium-large-5/seashore-trolley-museum-0009-jeff-stallard.jpg,Pending
"Seashore Trolley Museum Kennebunkport, Maine | Rene Schwietzke | Flickr",https://c2.staticflickr.com/2/1413/684110525_caf4294a1b_b.jpg,Pending
Canada Day at Seashore! - Seashore Trolley Museum,https://trolleymuseum.org/wp-content/uploads/sites/7/2020/02/2890-1024x768.jpg,Pending
Publications from Seashore Trolley Museum - Seashore Trolley Museum,https://trolleymuseum.org/wp-content/uploads/sites/7/2020/06/2019-Cover.jpg,Pending
MBTA 01400 Red Line Train at the Seashore Trolley Museum: The NERAIL ...,http://photos.nerail.org/photos/2009/08/23/200908231150517863.jpg,Pending
fall pumpkin display at the Seashore Trolley Museum Stock Photo - Alamy,https://c8.alamy.com/comp/2M7TB2P/fall-pumpkin-display-at-the-seashore-trolley-museum-2M7TB2P.jpg,Pending
Seashore Trolley Museum President & CEO Honored with Building Naming ...,https://trolleymuseum.org/wp-content/uploads/sites/7/2023/06/jim_highwood-768x1024.png,Pending
Pride Day at Seashore - Seashore Trolley Museum,https://trolleymuseum.org/wp-content/uploads/sites/7/2022/05/IMG_2743.jpeg,Pending
Boston Hawker Siddeley Blue Line 0622/0623 - Seashore Trolley Museum,https://trolleymuseum.org/wp-content/uploads/sites/7/2021/03/Blues_at_HW3.jpg,Pending
Seashore Trolley Museum #1160 & #5821 | Connecticut 1160 and… | Flickr,https://live.staticflickr.com/5476/29596567134_c5790d23e3_b.jpg,Pending
Seashore Trolley Museum: Ride Through History in Kennebunkport | TM2 Maine,https://tm2maine.com/wp-content/uploads/2024/06/seashore-trolley-museum-103-740.jpg,Pending
Seashore trolley museum - equiladeg,https://trolleymuseum.org/wp-content/uploads/sites/7/2020/02/IMG_2489.jpg,Pending
Eastern Mass. St. Ry. 4387 - Seashore Trolley Museum,https://collections.trolleymuseum.org/storage/images/401-E6frA1KOvPJWzl4NXeWpVP5AvHz266FG7o2hFKhmFJeUqzq1sIWD9gUmKa7M.jpg,Pending
Christmas Prelude Trolley Rides! - Seashore Trolley Museum,https://trolleymuseum.org/wp-content/uploads/sites/7/2022/05/Dallas-434-is-all-decked-out-for-trolley-rides-Photo-By-Fred-Hessler-1536x1024.jpg,Pending
Trolley RPO Car 34 at the Seashore Trolley Museum: The CityRails ...,http://imagestorage.cityrails.net/photos/2009/09/09/200909090832509973.jpg,Pending
Long Island Rail Road 4137 - Seashore Trolley Museum,https://collections.trolleymuseum.org/storage/images/840-5IeagxPyczggL5r1oRPvU5cfkMuGVBXwcVVmLpWsiwKwIRobDBRTu9koPr8l.jpg,Pending
Narcissus 1912 Renovation Project: A Look Back - 1983 Seashore Trolley ...,https://blogger.googleusercontent.com/img/b/R29vZ2xl/AVvXsEgOlh7ESv1HoJdmb4dP8iBIwV85B3xd-5XbszMFSpp2ob2ocruLoTko-cXULhl1C705WP_HNeDqzj9warYc1g-UGNPrngBYQncZFoSlqunXM2piwDkC4YrJU5xbr5QTVQII1gC0Kv-ULzpNHAr5RZxWpN8ObqmSikV28A_Ci6zMSu1iv7IhYJ8C-_xC/s1440/Seashore+Trolley+Museum+6+1983.jpg,Pending
Model Railroad Building Update - Seashore Trolley Museum,https://trolleymuseum.org/wp-content/uploads/sites/7/2023/01/Three-bridges.jpeg,Pending
6789.1218157847.jpg,http://www.railpictures.net/images/d1/7/8/9/6789.1218157847.jpg,Pending
Morrison Hill stop on the Interpretive Railway and Atlantice Shore Line ...,https://c8.alamy.com/comp/2M7TY14/morrison-hill-stop-on-the-interpretive-railway-and-atlantice-shore-line-railway-at-the-seashore-trolley-museum-2M7TY14.jpg,Pending
The Seashore Inn...on the Beach - Travel Oregon,https://d3uw6f38ocgirn.cloudfront.net/media/up/343/18cd54edafd3587e9949252421a555be_SeashoreInnpatio202110.jpg,Pending
"Seashore Inn on the Beach (Seaside, OR): What to Know BEFORE You Bring ...",https://www.familyvacationcritic.com/wp-content/uploads/sites/19/2016/09/east-side-of-hotel.jpg,Pending
The Seashore Inn...on the Beach - Oregon Coast Visitors Association,https://d3uw6f38ocgirn.cloudfront.net/media/up/343/d463dc8b554196de34599ca9c513f690_SeashoreInnexterior202110.jpg,Pending
N. Oregon Coast Beauty on the Beach: Seashore Inn's Latest Revelations ...,https://beachconnection.net/news/seashore_inn3.jpg,Pending
Seashore Inn at Seaside Oregon is great priced hotel right on family ...,https://i.pinimg.com/originals/6c/b3/ac/6cb3accddc921d7c2f95179c5a87fc3e.jpg,Pending
Best Hotels In Seaside Oregon | Visit Oregon,https://www.visitoregon.com/wp-content/uploads/2021/12/Seaside-Oceanfront-Inn-Beachfront-Hotel-Seaside-Oregon-scaled.jpg,Pending
Seaside Hotel Photos - Coast River Inn Seaside Oregon Hotel,https://www.coastriverinn.com/gallery-images/properties/5/1/1/IMG_3540revised.jpg,Pending
"The Seashore Inn on the Beach (Seaside, OR) - Resort Reviews ...","https://res.cloudinary.com/resortsandlodges/image/fetch/w_800,h_520,c_fill/https://media.travelnetsolutions.com/8e2367be9508184b8eed1e3ac41e09b7/original.jpeg",Pending
Seashore Inn on the Beach Seaside - Seaside (Oregon) - United States ...,https://i.ytimg.com/vi/X_xec-Y6cO4/maxresdefault.jpg,Pending
Beach In Oregon With Houses On The Beach In The Distance Background ...,https://png.pngtree.com/background/20230517/original/pngtree-beach-in-oregon-with-houses-on-the-beach-in-the-distance-picture-image_2640618.jpg,Pending
As I See It: Cannon Beach and Seaside Oregon,http://3.bp.blogspot.com/-FQjJpVY1Aew/UFoDlF1id-I/AAAAAAAADbc/KWfGj10qH_g/s1600/IMG_9264+copy.jpg,Pending
"Seashore Inn Live Webcam Seaside, Oregon - Live Beach Cam",https://livebeachcam.net/wp-content/uploads/2021/12/Screenshot-1936.png,Pending
"River Inn at Seaside (Seaside, OR): What to Know BEFORE You Bring Your ...",https://www.familyvacationcritic.com/wp-content/uploads/sites/19/2016/06/saltwater-indoor-pool-1024x512.jpg,Pending
"Hi-Tide Oceanfront Inn Seaside, Oregon, US - Reservations.com",https://i.travelapi.com/hotels/6000000/5500000/5494400/5494356/91f77f45_z.jpg,Pending
"Photo Gallery - Stephanie Inn - Oceanfront Hotel in Cannon Beach, Oregon",https://stephanieinn.com/wp-content/uploads/2016/09/Stephanie-Inn-Sunset-Exterior-min.jpg,Pending
Seaside Oregon Beach,https://www.seasideoregon.com/wp-content/uploads/2017/02/seaside-oregon-beach.jpg,Pending
Breathtaking Seaside Oregon Sunset Photography - Morrisey Productions,http://www.morrisey.com/wp-content/uploads/2015/04/Seaside-Oregon-Beach-Photography-Morrisey.jpg,Pending
"13 Adventurous Things to Do Around Seaside, Oregon",https://oregonisforadventure.com/wp-content/uploads/2020/12/seaside-oregon-1024x683.jpg,Pending
Inn at the Shore - Oregon Coast Visitors Association,https://d3uw6f38ocgirn.cloudfront.net/media/up/343/597f688b5b55eaab2e265fe23f758a85_Viewfrombackside.jpg,Pending
The 15 Best Seaside Inns in the U.S. | Jetsetter | Cannon beach hotel ...,https://i.pinimg.com/originals/5f/de/30/5fde303493ec005b6e2f6642aa901ab2.jpg,Pending
Explore the Oregon Coast - 9 Best Activities in Cannon Beach & Seaside ...,https://tripmemos.com/wp-content/uploads/2019/03/FEATURED-9-Best-Things-to-do-in-Cannon-Beach-Seaside-Oregon.jpg,Pending
Oceanfront Dormer Suite - Stephanie Inn - Oceanfront Hotel in Cannon ...,https://www.stephanieinn.com/wp-content/uploads/2017/12/Oceanfront-Dormer-Suite-balcony-looking-north.jpg,Pending
"Seaside, Oregon: Transcending Top 10 Lists Since 1806 | Portland Monthly","https://res.cloudinary.com/sagacity/image/upload/c_crop,h_840,w_1260,x_0,y_0/c_limit,dpr_auto,f_auto,fl_lossy,q_80,w_1080/Aerial_-_PDX_Monthly_t6x8pc.jpg",Pending
The Seashore Inn... On The Beach | Groupon,https://img.grouponcdn.com/deal/3KunNyv2J71hwFGEugq4/hv-1024x614/v1/c870x524.jpg,Pending
Come celebrate the 100th year of the Seaside Promenade!,https://www.seasideor.com/wp-content/themes/seaside/assets/include-prom100/images/dest/hero-bg.jpg,Pending
"Seaside, Oregon Hotels and Motels: Best Places to Stay",https://oregoncoastweekend.com/wp-content/uploads/2024/05/seaside-oceanfront-inn-1200-980x551.jpg,Pending
Seaside Oregon Hotel Rooms - Coast River Inn Seaside Hotel,https://www.coastriverinn.com/gallery-images/properties/5/1/1/King_with_River_View_2.jpg,Pending
20 Things to Do in the Town of Seaside Oregon - Seaside Oregon's Guide ...,https://www.seasideoregon.com/wp-content/uploads/2023/06/20-Things-To-Do-in-Seaside-Oregon-1030x579.jpg,Pending
