KBC202---HookupHotshot-Ball-Sucking--Rimjob-Compilation-3-Over-1-Hour ...,https://img87.pixhost.to/images/670/359602987_kbc202-hookuphotshot-ball-sucking-rimjob-compilation-3-over-1-hour-1080p-hevc.jpg,Completed
Adult Empire | Award-Winning Retailer of Streaming Porn Videos on ...,https://caps1cdn.adultempire.com/q/7987/1920/1827987_01370_1920c.jpg,Completed
Blowing Cocks And Sucking Balls Gently POV With Busty Blonde MILFs ...,https://imggen.eporner.com/7311146/1920/1080/15.jpg,Completed
Chinese Ball Sucking Blowjob,https://i.xcafe.com/videos_screenshots/145000/145574/preview.jpg,Pending
Productivity Memes Funniest Memes To Make Your Monday Suck Less | The ...,https://i5.fapality.com/contents/albums/sources/2000/2070/75198.jpg,Pending
Suck Balls Daftsex | Hot Sex Picture,https://i5.fapality.com/contents/albums/sources/2000/2070/75173.jpg,Pending
"Download photo 1920x1080, sexy, nude, blonde, suck, cock, balls ...",https://ftopx.com/images/201304/ftop.ru_54620.jpg,Pending
"Wallpaper madison ivy, pornstar, amazing, blowjob, big cock, blonde ...",https://ftopx.com/images/201408/ftop.ru_119540.jpg,Pending
Lick Porn | Hot Sex Picture,https://i5.fapality.com/contents/albums/sources/1000/1729/66714.jpg,Pending
"Licking Balls While Cumming - Best Sex Images, Hot XXX Photos and Free ...",https://namethatporn.com/media/displays/2018/11/11/628OJNX6HHA2C_whats-her-name-and-is-it-possible-to-have-a-link-for-the-video-plz-.jpg,Pending
Sucking Testicle - Telegraph,https://cdn5-images.motherlessmedia.com/images/6A1BA3F.jpg,Pending
Bbw Licking Balls - DATAWAV,https://i1.wp.com/i5.fapality.com/contents/albums/sources/1000/1729/66720.jpg,Pending
sucking balls | XNXX Adult Forum,http://hw01.images.famedownload.com/movies/8845/8845_08/previews/2/128/top_1_resized/8845_08_01.jpg,Pending
licking balls Porn Pic - EPORNER,https://static-ca-cdn.eporner.com/photos/17737.jpg,Pending
Suck Balls 5 (2016) | Evil Angel - Jonni Darkko | Adult DVD Empire,https://caps1cdn.adultempire.com/q/7987/1920/1827987_11870_1920c.jpg,Pending
balls sucking Porn Pic - EPORNER,https://static-ca-cdn.eporner.com/photos/10685.jpg,Pending
Suck Guys Balls - Amateur Male Sex,http://3.bp.blogspot.com/__8OxkrDHvMI/TMJsWzQWfSI/AAAAAAAABcw/7UnvyXWYDg0/s1600/05+BALL+SUCK+ONE.jpg,Pending
Suck Balls While Cumming,https://megapornpics.com/wp-content/uploads/2024/09/suck_balls_wh-615.jpg,Pending
Licking balls babes - pic of 24,https://i5.fapality.com/contents/albums/main/680x9999/1000/1729/66732.jpg,Pending
sucking his cock and balls in three directions at once Porn Photo - EPORNER,https://static-ca-cdn.eporner.com/photos/97454.jpg,Pending
Mature Women Sucking Big Balls - DATAWAV,https://i1.wp.com/i5.fapality.com/contents/albums/sources/1000/1729/66730.jpg,Pending
Suck Balls 5 (2016) | Adult Empire,https://caps1cdn.adultempire.com/q/7987/1920/1827987_02660_1920c.jpg,Pending
Sucking Balls Porn Videos | Free Download Nude Photo Gallery,https://img.tnastatic.com/a16:9w990r/thumbs/df/15_389122l.jpg,Pending
Suck Balls 5 Streaming Video On Demand | Adult Empire,https://caps1cdn.adultempire.com/q/7987/1920/1827987_07430_1920c.jpg,Pending
ball licking incredible ginger-haired - hotntubes.com,https://pic4.cdnclouder.com/img6/d/s/q/p/h/-ball_licking_incredible_ginger_haired-2_big.jpg,Pending
SugarTVStore,https://caps1cdn.adultempire.com/q/7987/1920/1827987_13970_1920c.jpg,Pending
"V盻\x81E\xa3 v\x81E\x81E\xa3\xb0 b蘯\x81E\xa1n g\x81E\x81E\xbd\xa1i b\x81E\x81E\xbd\xba cu - th盻品Ek\x81E\x81E\xbd\xa8n, li蘯\x81E\xbfm b\x81E\x81E\xbd\xb3ng, xu蘯\x81E\xa5t tinh v\x81E\x81E\xa3\xb0o v\x81E\x81E\xbd\xba, ffm c\x81E\x81E\xbd\xb3 ba ...","https://ic-vt-lm.xhcdn.com/a/NGExNzQ4MTZlMjRhNmVkZjVhZDNkNTkwNzFmNzA4YmQ/s(w:2000,h:2000),jpeg/022/350/012/1280x720.2.jpg",Pending
Myra Moans is sucking cock and licking balls - Porn Movies - 3Movs,https://img.3movs.com/contents/videos_screenshots/376000/376625/preview.jpg,Pending
"Rule34 - If it exists, there is porn of it / lech lewds, original ...",https://img2.rule34.us/images/c7/7c/c77cb86645e415b55d4d4b0d564143ed.jpeg,Pending
Where can i find this Video ? - Jennie Jaye #825252 窶\x81E\xba NameThatPorn.com,https://namethatporn.com/media/displays/2018/09/29/5AHQOLFB1YP7Y_where-can-i-find-this-video-.jpg,Pending
Nude Suck Balls - Sexdicted,https://sexdicted.com/wp-content/uploads/2025/05/licking_cock_and_bal-4692.jpg,Pending
Suck My Balls Porn,https://megapornpics.com/wp-content/uploads/2024/09/suck_my_ball-4788.jpg,Pending
"Suck cock, lick balls, eat pussy in threesome - hot porn pics - pic of 67",https://i5.fapality.com/contents/albums/main/680x9999/0/856/37722.jpg,Pending
My wife licking balls. Porn Pic - EPORNER,https://static-ca-cdn.eporner.com/gallery/QY/vx/OlO9h7dvxQY/587276-my-wife-licking-balls.jpg,Pending
Naked teen pornstar Abella Danger giving massive cock ball licking ...,https://s1.pictoa.com/media/galleries/138/933/13893358c8b7d640a37/259732958c8b7d640da0.jpg,Pending
Teen Licking Balls - DATAWAV,https://i1.wp.com/40.media.tumblr.com/tumblr_lv5htyzirI1r62e6jo1_1280.jpg,Pending
Men Licking Balls,https://xxgasm.com/wp-content/upload/2019/02/men_licking_balls-990.jpg,Pending
"Threesome rimming and ball licking, a man's dream - DokaCZ",https://cdni.pornpics.com/1280/7/305/37773163/37773163_074_4009.jpg,Pending
Nude Porn - Page 6806 Of 40391 - Rule 34,https://hentaiporns.net/r/entradas/2024/08/0ceff64f7dfddf5dd9fb5b9e3bb7c3e80b8cc12c.jpg,Pending
"Nadia Night, Ralph Long in ""Ass Licking From Friend's Mom"", HD / From ...",https://static.flyflv.com/movies/026/341/14362/thumbs/940x529/22.jpg,Pending
Rule 34 - ball sucking balls domination femsub melkor mancin penis ...,https://us.rule34.xxx/images/2301/6184c4155b5dfa50607ebc3158f26395.jpeg,Pending
Naked blonde 18yo college girl rims ass and licks balls at the casting ...,https://screenshots.anysex.com/videos_screenshots/400000/400310/preview.jpg,Pending
Porn image of facial bukkake push-up bra bondage ball gag titjob big ...,https://made.porn/is/py/3h/KAwlelN3hpy-Bl1QYVik69C.jpg,Pending
Penis Licking Balls Porn Videos - Newest Amateur Milf Licking Cock ...,https://static-ca-cdn.eporner.com/photos/6347.jpg,Pending
Blonde Wife Licking Balls And Dick Of Her Husband - EPORNER,https://imggen.eporner.com/6969045/1280/720/2.jpg,Pending
https://i5.fapality.com/contents/albums/sources/1000/1287/54430.jpg,https://i5.fapality.com/contents/albums/sources/1000/1287/54430.jpg,Pending
https://i5.fapality.com/contents/albums/sources/1000/1287/54420.jpg,https://i5.fapality.com/contents/albums/sources/1000/1287/54420.jpg,Pending
What's her name and is it possible to have a link for the video plz ...,https://namethatporn.com/media/displays/2018/11/11/628OJNX6HHA2C_whats-her-name-and-is-it-possible-to-have-a-link-for-the-video-plz-.jpg,Pending
The dirtiest blowjob ever with deepthroat and balls sucking. Cum in her ...,https://fi1-ph.ypncdn.com/videos/202307/20/435862151/original/(m=eaSaaTbWx)(mh=krZOXpFdA9mcDtDr)0.jpg,Pending
Double Ball - Mega Porn Pics,https://megapornpics.com/wp-content/uploads/2023/08/amateur_gi-3286.jpg,Pending
縲舌ラ繝ｩ繧\x81E\xb4繝ｳ繝懊・繝ｫ 繝薙・繝\xe3\x81E΁E繧\x81E\xbb繧\x81E\xaf繧\x81E\xb7繝ｼ繧\x81E\xab繝ｼ繝\xe3\x81E陬剰\x81E\xa1\x81E\xa8譛峨\x81E\x81EACG 豬\x81E\xb7螟\xe5\x81E\x81E\xa3\x81E\xbd 蜷御\x81E\xba\x81E\xba DRAGON BALL 騾∵侭辟｡譁吶代・蝠・刀諠・\x81E\xb0\x81E\xb1・懊い繝繝ｫ繝医き繝\xe3\x81Eざ繝ｪ ...,https://auctions.c.yimg.jp/images.auctions.yahoo.co.jp/image/dr000/auc0308/users/88a59a0f078a57916989d0ed1e256f2534c67751/i-img750x1000-16616712926gfwyt563863.jpg,Pending
Rule 34 - 1boy 1girls Countryballs Countryhumans Countryhumans Girl Kek ...,http://rule34x.net/entradas/2023/02/sample_38a0066d91a530bcafdc310c877b4115.jpg,Pending
Amateur Asian Sucking Balls Xnxx Com | My XXX Hot Girl,http://hw01.images.famedownload.com/movies/8845/8845_08/previews/2/128/top_1_resized/8845_08_01.jpg,Pending
Working his balls Porn Pic - EPORNER,https://static-ca-cdn.eporner.com/gallery/3E/NK/Uf0PCjaNK3E/204944-working-his-balls.jpg,Pending
Wallpaper Pussy Balls Suck Balls Suck Dick Cock | Free Download Nude ...,https://ftopx.com/images/201812/ftopx.com_5c0d3282bfdd0.jpg,Pending
Suck Balls,https://caps1cdn.adultempire.com/q/7987/1920/1827987_07990_1920c.jpg,Pending
Suck Ball | Sex Pictures Pass,https://cdn5-images.motherlessmedia.com/images/0190351.jpg,Pending
Sono Ichi Ofuro de Sex | DAGON BALL episode 1 - Sex in the Bath - Page ...,https://m7.imhentai.xxx/022/184bumv2pa/5.jpg,Pending
GUN-771 saliva and sperm and a ball gag Jav Streaming saliva and sperm ...,https://pics.dmm.co.jp/digital/video/433gun00771/433gun00771jp-1.jpg,Pending
Girl Sucks Daddy Cock Captions,https://bobsvagene.club/wp-content/uploads/2023/06/girl_sucks_daddy_co-8240.jpg,Pending
New-mouth-gag-sex-toys-blow-job-mouth-plug-adult-game-slave-erotic-toy ...,https://ae01.alicdn.com/kf/HTB1nSu.LVXXXXcQXVXXq6xXFXXXH/New-mouth-gag-sex-toys-blow-job-mouth-plug-adult-game-slave-erotic-toy-for-women.jpg,Pending
Animated Hentai Compilation Dragon Ball 3: Amateur Porn | xHamster,https://thumb-lvlt.xhcdn.com/a/ieIfquWz29UuYMo0I2s9hw/024/156/187/1280x720.17039471.jpg,Pending
縲・688574: 諤\x81E\xa7縺\x81E\xaa繧九√き繝ｳ繧\x81E\xb1繧\x81E\xa4 / 繧\x81E\xaa繝ｪ繧\x81E\xb8繝翫΁E/ 繧\x81E\xb9繧\x81E\xbf繧\x81E\xb8繧\x81E\xaaN.BALL縲代・蝠・刀諠・\x81E\xb0\x81E\xb1・懊い繝繝ｫ繝医き繝\xe3\x81Eざ繝ｪ・懊お繝ｭ繧\x81E\xab繝\xe3\x81Ecom,https://img.erocate.com/n393341353/image/i-img847x1200-15783984512gbrlu517779.jpg,Pending
Rule 34 - 1boy 1girls 3d 3d (artwork) Ball Suck Ball Sucking Balls Big ...,http://hentaiporns.net/r/entradas/2023/07/sample_9b1ec9086961b58463b91722a027db3f.jpg,Pending
Rule 34 - 1boy 1girls Bathroom Bathtub Blowjob Blowjob Face Bulma ...,https://hentaiporns.net/r/entradas/2023/08/sample_075628cbb0d84d15f2b635a8500f7fec.jpg,Pending
Rule 34 - Blue Body Countryhumans Countryhumans Girl Greece ...,https://hentaiporns.net/r/entradas/2023/09/sample_787df6ae4fd9fc292828491b6d7bf8bb.jpg,Pending
Anyone know where to find the full video? - Adriana Chechik - Dredd ...,https://namethatporn.com/media/displays/2023/09/16/RCY9JWN9VROIA_anyone-know-where-to-find-the-full-video.jpg,Pending
"Rule34 - If it exists, there is porn of it / lewdpunch, bulma briefs ...",https://img2.rule34.us/images/e8/05/e8057c6dba45b903937c1123fdea09bd.jpeg,Pending
繧\x81E\xac繝ｼ繧\x81E\xbf繝ｼ繝吶Ν繝医・螂ｳ蟁E\x81E\x81E\x92\xe9\x81E弱\x81E\xa0縺冗ｷ顔ｸ帙＠繝懊・繝ｫ繧\x81E\xae繝｣繧\x81E\xb0縺\x81E\xa7迪\x81E\xbf霓｡縺帙ａE| 雜ｳ繝輔ぉ繝\xe2\x81E→閼壹ヵ繧\x81E\xa7繝\xe2\x81E・縺溘ａ縺\x81E\xae縺翫☁E\xb8\xba吶\x81E\x81繧\x81E\xa2繝繝ｫ繝亥虚逕ｻ,https://foot-fetishism.tokyo/wp-content/uploads/2021/05/garter-kinbaku-a.jpg,Pending
photo april 29 2023 238 notes,https://64.media.tumblr.com/a7d391d8890a4f59e0c39e641d8d288a/34129e496fd8078d-96/s1280x1920/62735ace55c74a9146704fa9510420a689e01ec6.jpg,Pending
Studious Sluts | GirlsNaked.net - Naked Girls and Erotic Porn Galleries,https://girlsnaked.net/wp-content/uploads/2014/07/phd_tbff_avataylor_nataliemonroe_pics0119-1024x576.jpg,Pending
縲先ご蝣\x81E\xb1縲代・繝ｳ繝\xe8\x81E・繧\x81E\xac繝ｼ繝ｫ縺\x81E\xae譁E\xbd\xb0繧\x81E\xad繝｣繝ｩ縲√け繝\xe3\x81Eャ繧\x81E\xbd蠕ｮ螯吶・繝ｻ繝ｻ | 繝｡繧\x81E\xac繝溘ヶ繝ｭ繧\x81E\xb0,https://hentai-witch.com/wp-content/uploads/2024/02/dragon-ball_chi-chi-21.png,Pending
縲十E\x94\x8c譁吶代審OAN016縲代ラ繝ｩ繧\x81E\xb4繝ｳ繝懊・繝ｫ縺\x81E\xae繝悶Ν繝朦TR荳\x81E\xad蜁E\xbd\xba縺励そ繝\xe3\x81Eけ繧\x81E\xb9縲後い繝繝ｫ繝医ぁE\xb9\x9d九Γ蜍慕判縺\x81E\xae繧\x81E\xa2繝ｫ繧\x81E\xb4繝ｪ繧\x81E\xba繝隨\x81E\xac莠御\x81E\xb8紋ｻ\x81E\xa3縺\x81E\xa8蜍\xe6\x81E判邱\x81E\xa8髮・\x81E\x92謾\x81E\xb9濶\x81E\xaf ...,https://doujin-assets.dmm.co.jp/digital/cg/d_560917/d_560917jp-003.jpg,Pending
Amateur Housewives Pic image #181610,http://www.pezporn.com/media/images/1/amateur-housewives-pic/amateur-housewives-pic-181610.jpg,Pending
蜿\x81E\xa3譫\x81E\xb7繧貞哨縺\x81E\xab蜥\x81E\xa5縺医◁E\xb9\xa7\x81E\xa8繝ｭ逕ｻ蜒\xe3\x81E- 諤\x81E\xa7逋悶お繝ｭ逕ｻ蜒\xe3\x81E繧\x81E\xbb繝ｳ繧\x81E\xae繝ｪ,https://1000giribest.com/wp-content/uploads/2020/09/kuchikase180001.jpg,Pending
辟｡鬘槭・繝懊・繝ｫ繧\x81E\xae繝｣繧\x81E\xb0螂ｽ縺阪′縺輔⊇縺\x81E\xa9AV繧定ｦ九\xe2\x81E縺上\xe2\x81E縺\x81E\xa3縺溘Ρ繧\x81E\xb1 | TOKYO BONDAGE LIFE,https://tokyobondagelife.com/wp-content/uploads/2021/11/20211125_01flsh.jpg,Pending
NEO-123 螂ｳ蜷梧\x81E\xa7謌闊\xe3\x81ERui Minagawa & Miho Tomii 蟁E\xbe\xa1\x81E\xba慕ｾ主\x81E\xb8・逧・\x81E\xb7昴\x81E\x8b縺・蟁E\xbe\xa1\x81E\xba慕ｾ主\x81E\xb8・逧・\x81E\xb7昴\x81E\x8b縺・- GGJAV | 譛 ...,https://cdn-1.ggjav.com/media/video/large_215393.jpg,Pending
Ball Lick | Sex Pictures Pass,https://static-ca-cdn.eporner.com/gallery/ZA/dR/mVycoCMdRZA/6939-licking-balls.jpg,Pending
Mature Blowjob Balls,https://megapornpics.com/wp-content/uploads/2022/09/mature_blowjob_ba-6430.jpg,Pending
Rule 34 - 2boys 2males Ass Ass Focus Ass Grab Ball Lick Big Ass Big ...,http://rule34x.net/entradas/2022/10/ff136bba107eab195cb633897650cd3a.png,Pending
"#2853127 - explicit, artist:nevermore228, pony, ball licking, ball ...",https://derpicdn.net/img/download/2022/4/25/2853127__explicit_artist-colon-nevermore228_pony_ball+licking_ball+worship_balls_balls+fetish_blowjob_cock+worship_commission_fetish_horsecock_licking_nudity_or.jpg,Pending
Rub Lick And Suck My Wet Pussy 2017 Adult Empire | Free Download Nude ...,https://caps3cdn.adultempire.com/p/4148/1920/1894148_00930_1920c.jpg,Pending
Madam M - Boundless Ballbusting Blows Extreme Bondage Barefoot ...,https://fetishfemdom.adult/wp-content/uploads/Madam-M-Boundless-Ballbusting-Blows-Extreme-Bondage-Barefoot-Humiliating-Ballbusting-Punishment.mp4.jpg,Pending
Natural Tits Babe Gives Sloppy Ball Licking Blowjob - Luke Hardy - EPORNER,https://imggen.eporner.com/8274213/1920/1080/5.jpg,Pending
"licking balls - pictures, memes and posts on JoyReactor",https://img10.joyreactor.com/pics/post/mrlovenstein-comics-dog-1578281.png,Pending
The Mean Girls - American Mean Girls - Princess Amber - Lick My Sweaty ...,https://fetishfemdom.adult/wp-content/uploads/The-Mean-Girls-American-Mean-Girls-Princess-Amber-Lick-My-Sweaty-Ball-Busting-Feet.mp4.jpg,Pending
Amateur CFNM Chick Sucking Cock And Licking Balls Of Her Man - EPORNER,https://imggen.eporner.com/8164919/1280/720/13.jpg,Pending
SOAP!! Kairaku e no Hankou!! Okasareta Chou Zetsurin Mai to Trunks ...,https://m2.imhentai.xxx/009/rvlhg7x9w2/3.jpg,Pending
sdxlbase_nsfw_faces - sdxl_nsfw_faces03 | Stable Diffusion Checkpoint ...,https://image.civitai.com/xG1nkqKTMzGDvpLrqFT7WA/d16e62cd-63e2-4657-8332-f31874d9e7c5/width=1200/d16e62cd-63e2-4657-8332-f31874d9e7c5.jpeg,Pending
[繝峨Λ繧\x81E\xb4繝ｳ繝懊・繝ｫ][繧\x81E\xa8繝ｭ逕ｻ蜒従繝\xe2\x81Eメ縺\x81E\xa8譎る俣繧偵°縺代※繧\x81E\xab繝ｩ繝縺\x81E\xae髢\x81E\xa2菫めE\xbd\x92遽峨\x81E\x9e縺溘ｈ\xe3\x81E樞飭 - 莠梧\x81E\xac\x81E\xa1蜈\xe3\x81E判蜒上ヶ繝ｭ繧\x81E\xb0縺\x81E\xbe縺\x81E\xa8繧・https://hentai-witch.com/wp-content/uploads/2024/02/dragon-ball_chi-chi-21.png,https://hentai-witch.com/wp-content/uploads/2024/02/dragon-ball_chi-chi-21.png,Pending
Kefla Getting Her Pussy Sucked by Cheelai by R-E-L-O-A-D - Hentai Foundry,https://pictures.hentai-foundry.com/r/R-E-L-O-A-D/1022923/R-E-L-O-A-D-1022923-Kefla_Getting_Her_Pussy_Sucked_by_Cheelai.jpg,Pending
"Ball Suck, The Incredibles, Head Down Ass Up AI Porn",https://cdn2.imgpog.com/674067011638426967da490d.jpg,Pending
Trailers Rub Lick And Suck My Wet Pussy Porn Movie Adult Dvd Empire ...,https://caps1cdn.adultempire.com/p/4148/1920/1894148_00410_1920c.jpg,Pending
HD FEMDOM EMPIRE BRITTANY ANDREWS MISTRESS MOMMY - Videos - hcBDSM.com,https://hcbdsm.com/media/thumbs/embedded/93434.jpg,Pending
"Ball Suck, Ball Suck, White Transparent Bikini AI Porn",https://cdn2.imgpog.com/6740935a16384269671984c0.jpg,Pending
Madison Ivy Suck Balls | Porn Sex Picture,https://i5.fapality.com/contents/albums/sources/1000/1729/66730.jpg,Pending
Ready To Suck My Balls Nudehunter | My XXX Hot Girl,https://i5.fapality.com/contents/albums/sources/1000/1729/66727.jpg,Pending
Big Tit Superstars Evil Angel Image Gallery Photos Adult Dvd Empire ...,https://imgs1cdn.adultempire.com/galleries/06/954749746604849106_4000.jpg,Pending
"Double Blowjob Ball Sucking - Hot Sex Images, Free XXX Photos and Best ...",https://i5.fapality.com/contents/albums/sources/2000/2070/75173.jpg,Pending
Trailers | Suck Balls 5 Porn Video @ Adult DVD Empire,https://caps2cdn.adultempire.com/q/7987/1920/1827987_02020_1920c.jpg,Pending
Suck Balls 5 (2016) Videos On Demand | Adult DVD Empire,https://caps3cdn.adultempire.com/q/7987/1920/1827987_11310_1920c.jpg,Pending
Zoey Kush Porn Star Videos - EPORNER,https://static-ca-cdn.eporner.com/gallery/Z0/wr/nP9s19MwrZ0/23746-an-integral-part-of-a-blowjob_880x660.jpg,Pending
Suck Balls 5 Streaming Video On Demand Adult Empire | Free Download ...,https://caps1cdn.adultempire.com/q/7987/1920/1827987_07430_1920c.jpg,Pending
Search: squeeze balls - hcBDSM.com,https://hcbdsm.com/media/thumbs/embedded/93271.jpg,Pending
Ball Sucking Techniques | Sex Pictures Pass,https://ei.phncdn.com/videos/202307/20/435862151/original/(m=q9RSZRYbeaSaaTbaAaaaa)(mh=vs2FyB3_oX8XO4NP)0.jpg,Pending
Adult Empire Award Winning Retailer Of Streaming Porn Videos On | Free ...,https://imgs1cdn.adultempire.com/galleries/20/460979320939040920_4000.jpg,Pending
Gratuit Dani Jensen Pornstar Vidéos - Page 5 - EPORNER,https://static-ca-cdn.eporner.com/gallery/kc/uP/TCG9NmluPkc/97454-sucking-his-cock-and-balls-in-three-directions-at_880x660.jpg,Pending
Sydnee Steele & Dale DaBone Suck Fuck Anal Facial Collector Scene ...,https://caps1cdn.adultempire.com/p/4169/1280/4734169_00420_1280c.jpg,Pending
"Rule34 - If it exists, there is porn of it / german empire ...",https://img2.rule34.us/images/32/cd/32cd6c731ca8010042f00beaa0539491.jpeg,Pending
YamamotoDoujin - Bulma X GokuSexo en el baño - Page 3 » nhentai: hentai ...,https://i3.nhentai.net/galleries/2333711/3.jpg,Pending
"Vợ và bạn gái bú cu - thổi kèn, liếm bóng, xuất tinh vào vú, ffm có ba ...","https://ic-vt-lm.xhcdn.com/a/NGExNzQ4MTZlMjRhNmVkZjVhZDNkNTkwNzFmNzA4YmQ/s(w:2000,h:2000),jpeg/022/350/012/1280x720.2.jpg",Pending
Gorgeous Brunettes Dani Daniels and Angela White Have Poolside Lesbian ...,https://caps1cdn.adultempire.com/r/9348/1920/1729348_00520_1920c.jpg,Pending
POV Amateur Auditions Vol. 28 - Amateur Allure Image Gallery Photos ...,https://imgs1cdn.adultempire.com/galleries/76/298617649628352576_9999.jpg,Pending
Free Porn Pics of Khloe Kapri and Dee Williams lick each other pussy ...,https://www.mypornstarbook.net/pornstars/k/khloe_kapri/gallery106/images/05.jpg,Pending
Ball lickers pics. Quality porn. Deep,https://i5.fapality.com/contents/albums/sources/1000/1729/66717.jpg,Pending
Girl Sucking His Balls - XXGASM,https://xxgasm.com/wp-content/upload/2021/06/girl_sucki-2801.jpg,Pending
"Anal slikking av bilder - Private bilder, hjemmelaget pornofilder",https://i5.fapality.com/contents/albums/sources/1000/1287/54430.jpg,Pending
Lick Me Till I Cum (2019) | Adult DVD Empire,https://caps1cdn.adultempire.com/p/5449/1920/2745449_07200_1920c.jpg,Pending
"Wallpaper emily b, pornstar, brunette, blowjob, big cock, licking, sexy ...",https://ftopx.com/images/201506/ftop.ru_157739.jpg,Pending
Perry's DP's 5 - Evil Angel Image Gallery Photos @ Adult DVD Empire,https://imgs1cdn.adultempire.com/galleries/64/692219458365437164_5000.jpg,Pending
"Popporn | Award-Winning Retailer of Adult DVDs, Adult Blu-rays & Sex Toys",https://imgs1cdn.adultempire.com/galleries/89/927061433470648989_9999.jpg,Pending
Cfnm Licking Balls - DATAWAV,https://i2.wp.com/femaledominationworld.com/wp-content/uploads/2016/02/VICIOUS-FEMDOM-EMPIRE-Balls-Bound-Pussy-Licking.-Starring-Mistress-Austin.mp4.0008.jpg,Pending
Adult Empire Award Winning Retailer Of Streaming Porn | Free Download ...,https://imgs1cdn.adultempire.com/galleries/82/695233685865006482_5000.jpg,Pending
Lick My Hairy Pussy,https://caps1cdn.adultempire.com/q/6911/1920/1736911_00470_1920c.jpg,Pending
Lick It Up: Madam Carmen's Sweaty JOI Streaming Video On Demand | Adult ...,https://caps1cdn.adultempire.com/q/7226/1920/5007226_00540_1920c.jpg,Pending
Natasha and Kristin cleaning dirty horse balls [vitorleone13] : r ...,http://pictures.hentai-foundry.com/v/vitorleone13/536815/vitorleone13-536815-Commission_Natasha_and_Kristin_cleaning_dirty_horse_balls.jpg,Pending
Black Girls Get Nasty Too Vol. 2 - Justin Slayer International Image ...,https://imgs1cdn.adultempire.com/galleries/33/448476702484171133_9999.jpg,Pending
"Wallpaper pussy, balls, suck balls, suck, dick, cock, panties ...",https://ftopx.com/images/201812/ftopx.com_5c0d3282bfdd0.jpg,Pending
Women Sucking Big Balls,https://xxgasm.com/wp-content/upload/2024/10/women_sucking_big-9623.jpg,Pending
Rule 34 - 1futa 1girls Anthro Balls Big Breasts Black Hair Blonde Hair ...,http://rule34x.net/entradas/2022/10/sample_f415d58591344bd9af4511f0a51416eb.jpg,Pending
Licking Balls Babes 17 Pic Of 24 | Free Download Nude Photo Gallery,https://i5.fapality.com/contents/albums/sources/1000/1729/66720.jpg,Pending
"Wallpaper sexy, threesome, suck, nuts, bite, xxx, beauties, for ...",https://ftopx.com/images/201401/ftop.ru_86071.jpg,Pending
Licking Balls Babes 1 Pic Of 24 | Free Download Nude Photo Gallery,https://i5.fapality.com/contents/albums/sources/1000/1729/66726.jpg,Pending
perfect blowjob & ball sucking / Oral Creampie - RedTube,https://ei-ph.rdtcdn.com/videos/202104/11/386454221/original/(m=eaSaaTbWx)(mh=GG8Kfa-qFKCB_v_Z)4.jpg,Pending
Hot ball sucking handjob!,https://i.fapality.com/videos_screenshots/123000/123638/preview.jpg,Pending
Goten e Trunks comendo Androide 18 - Dragon Ball Hentai,https://superhq.blog/wp-content/uploads/2022/12/goten-e-trunks-comendo-androide-18-5973.jpg,Pending
Throat fucked ball sucking whore gets facialized - XXX Dessert,https://content.wafflegirl.com/galleries/gthumb/0/30/30164_1b0a4ed_920x_.jpg,Pending
Videl em busca de muito sexo - The Hentai Comics,https://thehentaicomics.com/wp-content/uploads/2024/02/Videl-em-busca-de-sexo-02-1086x1536.jpg,Pending
towa (one room hiatari futsuu tenshi-tsuki) drawn by sincos | Danbooru,https://cdn.donmai.us/original/9a/8e/9a8e71efafae8c8ea2ad48ea7664be86.png,Pending
One Testicle Porn Star | Xxx Porn,http://hw01.images.famedownload.com/movies/8845/8845_08/previews/2/128/top_1_resized/8845_08_01.jpg,Pending
Rule 34 - 1boy 1girls Countryhumans Countryhumans Girl Curvy Female ...,https://hentaiporns.net/r/entradas/2023/11/sample_38a0066d91a530bcafdc310c877b4115.jpg,Pending
Dosukebe Videl ga Hisshi ni Yuuwaku Suru kedo Gohan wa Chi Chi to no ...,https://m7.comicporn.xxx/022/pmfz0c4nsg/18.jpg,Pending
Read [TAKASHIA] Navia Ojou-sama No Ero Gazou (Genshin Impact) Hentai ...,https://hentaiporns.net/wp-content/uploads/2023/09/2672476-main-6600329_2_1a9666e5_0950_47f8_bfdb_16e359555b50.jpg,Pending
