keyword,PorC
porn ball suck,Completed
porn ball lick,Completed
Adult ball suck,Completed
Adult ball lick,Completed
porn Empire ball suck,Completed
porn Empire ball lick,Completed
sex ball suck,Completed
sex ball lick,Pending
hot ball suck,Pending
hot ball lick,Pending
EPORNER ball suck,Pending
EPORNER ball lick,Pending
blonde ball suck,Pending
blonde ball lick,Pending
cumming ball suck,Pending
cumming ball lick,Pending
babes ball suck,Pending
babes ball lick,Pending
Rule,
Rule,
Countryhumans,
,
Nude,
,
Amateur,
,
Girl,
,
XNXX,
,
Blowjob,
,
Cock,
,
saliva,
,
sperm,
,
Picture,
,
Evil Angel,
,
Jonni Darkko,
,
SugarTVStore,
,
Dick,
,
Pussy,
,
Daftsex,
,
HookupHotshot,
,
POV,
,
MILFs,
,
XXX,
,
Sexdicted,
,
DokaCZ,
,
Wife,
,
fapality,
,
Testicle,
,
Abella Danger,
,
Cum,
,
xHamster,
,
Adriana Chechik,
,
Erotic,
,
GirlsNaked,
,
CFNM,
,
SOAP,
