Balls,41
balls,27
Suck,26
Porn,21
Licking,20
and,18
Adult,16
of,14
Sucking,13
Rule,13
Sex,12
licking,11
sucking,11
Empire,11
Ball,11
EPORNER,10
ball,10
cock,9
v,9
b,9
i,9
it,9
Countryhumans,8
pic,7
Nude,7
DATAWAV,7
is,7
Amateur,7
babes,6
blonde,6
Download,6
Pic,6
in,6
Streaming,6
n,6
And,6
My,6
the,6
Girl,6
Hot,5
Videos,5
Free,5
com,5
XNXX,5
Forum,5
porn,5
a,5
Blowjob,5
Lick,5
Big,5
Ass,5
BALL,5
s,4
Blonde,4
photo,4
Naked,4
Of,4
If,4
exists,4
there,4
gag,4
Cock,4
Her,4
boy,4
girls,4
saliva,4
sperm,4
Picture,3
Photo,3
pornstar,3
big,3
While,3
Cumming,3
Wallpaper,3
blowjob,3
at,3
Video,3
Compilation,3
on,3
The,3
Bbw,3
Evil,3
Angel,3
Jonni,3
Darkko,3
DVD,3
Mature,3
SugarTVStore,3
V,3
g,3
cu,3
th,3
k,3
li,3
m,3
ng,3
xu,3
t,3
tinh,3
o,3
ffm,3
c,3
ba,3
Page,3
Dick,3
to,3
Pussy,3
Girls,3
Memes,2
Daftsex,2
x,2
sexy,2
nude,2
suck,2
madison,2
ivy,2
amazing,2
Gallery,2
From,2
KBC,2
HookupHotshot,2
Rimjob,2
Over,2
Hour,2
Award,2
Winning,2
Retailer,2
Blowing,2
Cocks,2
Gently,2
POV,2
With,2
Busty,2
MILFs,2
XXX,2
Guys,2
Male,2
his,2
Women,2
On,2
Demand,2
Myra,2
Moans,2
Movies,2
Movs,2
lech,2
lewds,2
original,2
find,2
Sexdicted,2
Teen,2
Threesome,2
rimming,2
man,2
dream,2
DokaCZ,2
yo,2
college,2
girl,2
rims,2
ass,2
licks,2
casting,2
image,2
Wife,2
Husband,2
her,2
video,2
https,2
jpg,2
fapality,2
contents,2
albums,2
sources,2
ACG,2
DRAGON,2
Countryballs,2
Kek,2
Pictures,2
Pass,2
Sono,2
Ichi,2
Ofuro,2
de,2
DAGON,2
episode,2
Bath,2
GUN,2
Jav,2
mouth,2
Hentai,2
d,2
Blue,2
Body,2
Greece,2
lewdpunch,2
bulma,2
briefs,2
april,2
notes,2
ROAN,2
NTR,2
AV,2
TOKYO,2
BONDAGE,2
LIFE,2
Mean,2
nsfw,2
faces,2
by,2
Chinese,1
Productivity,1
Funniest,1
To,1
Make,1
Your,1
Monday,1
Less,1
Best,1
Images,1
Photos,1
Testicle,1
Telegraph,1
three,1
directions,1
once,1
incredible,1
ginger,1
haired,1
hotntubes,1
Where,1
can,1
this,1
Jennie,1
Jaye,1
NameThatPorn,1
lick,1
eat,1
pussy,1
threesome,1
hot,1
pics,1
wife,1
teen,1
Abella,1
Danger,1
giving,1
massive,1
Men,1
Nadia,1
Night,1
Ralph,1
Long,1
Friend,1
Mom,1
HD,1
domination,1
femsub,1
melkor,1
mancin,1
penis,1
facial,1
bukkake,1
push,1
up,1
bra,1
bondage,1
titjob,1
Penis,1
Newest,1
Milf,1
What,1
name,1
possible,1
have,1
link,1
for,1
plz,1
dirtiest,1
ever,1
with,1
deepthroat,1
Cum,1
Double,1
Mega,1
Pics,1
Asian,1
Xnxx,1
Com,1
Working,1
Sucks,1
Daddy,1
Captions,1
New,1
sex,1
toys,1
blow,1
job,1
plug,1
adult,1
game,1
slave,1
erotic,1
toy,1
Animated,1
Dragon,1
xHamster,1
N,1
artwork,1
Bathroom,1
Bathtub,1
Face,1
Bulma,1
Anyone,1
know,1
where,1
full,1
Adriana,1
Chechik,1
Dredd,1
Studious,1
Sluts,1
GirlsNaked,1
net,1
Erotic,1
Galleries,1
Housewives,1
NEO,1
Rui,1
Minagawa,1
Miho,1
Tomii,1
GGJAV,1
boys,1
males,1
Focus,1
Grab,1
explicit,1
artist,1
nevermore,1
pony,1
Rub,1
Wet,1
Madam,1
M,1
Boundless,1
Ballbusting,1
Blows,1
Extreme,1
Bondage,1
Barefoot,1
Natural,1
Tits,1
Babe,1
Gives,1
Sloppy,1
Luke,1
Hardy,1
pictures,1
memes,1
posts,1
JoyReactor,1
American,1
Princess,1
Amber,1
Sweaty,1
CFNM,1
Chick,1
Man,1
SOAP,1
Kairaku,1
e,1
no,1
Hankou,1
Okasareta,1
Chou,1
Zetsurin,1
Mai,1
Trunks,1
sdxlbase,1
sdxl,1
Stable,1
Diffusion,1
Checkpoint,1
Kefla,1
Getting,1
Sucked,1
Cheelai,1
R,1
E,1
L,1
O,1
A,1
D,1
Foundry,1
imggen,0
eporner,0
